"Start","Id","Type","End"
"2732","denn-final-css","style","2734"
"2735","denn-final-js","script","2750"
"2751","denn-v5-ui-settings-style","style","2772"
"2773","denn-v5-ui-settings-script","script","2800"
"2801","denn-v6-admin-css","style","2812"
"2813","denn-v6-admin-js","script","2902"
"2903","denn-v10-safe-css","style","2907"
"2908","denn-v10-safe-js","script","2959"
"2960","denn-v11-admin-css","style","2964"
"2965","denn-v11-admin-js","script","2994"
"2995","denn-v12-admin-css","style","3013"
"3014","denn-v12-admin-js","script","3038"
"3039","denn-v13-admin-css","style","3043"
"3044","denn-v13-admin-js","script","3148"
"3149","denn-v14-admin-css","style","3175"
"3176","denn-v14-admin-js","script","3277"
"3278","denn-v16-admin-css","style","3294"
"3295","denn-v16-admin-js","script","3319"
"3320","denn-v17-admin-css","style","3345"
"3346","denn-v17-admin-js","script","3411"
"3412","denn-v18-style","style","3422"
"3423","denn-v18-admin-stability","script","3485"
"3486","denn-v19-admin-style","style","3495"
"3496","denn-v19-admin-stability","script","3565"
"3566","denn-v20-admin-css","style","3572"
"3573","denn-v20-admin-js","script","3630"
"3631","denn-v21-admin-clock-ui","script","3640"
"3641","denn-v22-admin-css","style","3647"
"3648","denn-v22-admin-js","script","3671"
"3672","denn-v23-admin-css","style","3676"
"3677","denn-v23-admin-js","script","3714"
"3715","denn-v24-admin-fb-raw-clock","script","3729"
"3730","denn-v25-admin-ui-persist","script","3742"
"3743","denn-v26-admin-ui-dedupe","style","3745"
"3746","denn-v26-admin-ui-dedupe-js","script","3755"
"3756","denn-v27-admin-css","style","3763"
"3764","denn-v27-admin-js","script","3788"
"3789","denn-v29-admin-css","style","3791"
"3792","denn-v29-admin-js","script","3807"
"3808","denn-v32-admin-css","style","3821"
"3822","denn-v32-admin-stable","script","4010"
"4011","denn-v33-admin-css","style","4034"
"4035","denn-v33-admin-stable","script","4153"
"4154","denn-v33-admin-finalize","script","4193"
"4194","denn-v34-admin-frame-upload-stable","script","4277"
"4278","denn-v34-frame-builder-crisp-render","script","4306"
"4307","denn-v35-size-input-height-width-final","script","4440"
"4441","denn-v35-detail-size-selector-css","style","4447"
"4448","denn-v35-detail-size-selector","script","4606"
"4607","denn-v35-size-list-live-css","style","4618"
"4619","denn-v35-size-list-live-preview-clock-presets","script","4725"
"4726","denn-v35-frame-builder-size-clock-sync","script","4791"
"4792","denn-v35-size-list-live-stabilizer-final","script","4917"
"4918","denn-v35-size-clock-onoff-final","script","5041"
"5042","denn-v35-clock-preset-visible-anchor-final","script","5077"
"5078","denn-v35-clock-toggle-button-and-preset-position-final","script","5138"
"5139","denn-v35-mockup-remove-click-fix-css","style","5144"
"5145","denn-v35-mockup-remove-click-fix","script","5180"
"5181","denn-v35-guide-bg-detail-css","style","5198"
"5199","denn-v35-guide-bg-detail-modal-final","script","5301"
"5302","denn-v35-clock-onoff-save-stabilizer-final","script","5415"
"5416","denn-v35-clock-onoff-selection-sync-final","script","5469"
"5470","denn-v35-guide-bg-real-room-setup-final","script","5517"
"5518","denn-v35-guide-bg-card-ui-polish","style","5566"
"5567","denn-v35-guide-bg-card-ui-polish","script","5601"
"5602","denn-v35-admin-save-render-stabilizer-final","script","5641"
"5642","denn-v35-data-safety-css","style","5654"
"5655","denn-v35-admin-data-safety-final","script","5901"
"5902","denn-v35-watermark-live-preview-style","style","5911"
"5912","denn-v35-watermark-live-preview-final","script","6015"
"6016","denn-v35-frame-builder-clean-export-css","style","6023"
"6024","denn-v35-frame-builder-clean-export-final","script","6095"
"6096","denn-v35-frame-builder-size-clock-link-final","script","6180"
"6181","denn-v46-admin-guide-bg-return-refresh","script","6224"
"6225","denn-v36-size-frame-enabled-admin-final","script","6346"
"6347","denn-v37-size-save-controller-final","script","6510"
"6511","denn-v38-multi-size-checkbox-css","style","6518"
"6519","denn-v38-multi-size-checkbox","script","6662"
"6663","denn-v39-white-border-guide-css","style","6667"
"6668","denn-v39-white-border-guide-final","script","6768"
"6769","denn-v40-builder-render-rules-css","style","6774"
"6775","denn-v40-builder-render-rules","script","6851"
"6852","denn-v41-remove-builder-white-border-css","style","6855"
"6856","denn-v41-remove-builder-white-border","script","6892"
"6893","denn-v42-detail-preview-guide-css","style","6896"
"6897","denn-v42-detail-preview-guide","script","7018"
"7019","denn-v44-transparent-detail-overlay-css","style","7023"
"7024","denn-v44-transparent-detail-overlay","script","7154"
"7155","denn-v45-design-canvas-only-css","style","7161"
"7162","denn-v45-design-canvas-only","script","7299"
"7300","denn-v48-final-size-stability-css","style","7307"
"7308","denn-v48-final-size-stability","script","7511"
"7512","denn-v49-render-authority-lock-css","style","7516"
"7517","denn-v49-render-authority-lock","script","7553"
"7554","denn-v50-detail-builder-sync-css","style","7565"
"7566","denn-v50-detail-builder-sync","script","7703"
"7704","denn-v51-builder-white-ui-polish-css","style","7832"
"7833","denn-v51-builder-white-ui-polish","script","7867"
"7868","denn-v52-builder-white-panel-relocate-css","style","7894"
"7895","denn-v52-builder-white-panel-relocate","script","7923"
"7924","denn-v53-detail-link-stability-css","style","7945"
"7946","denn-v53-detail-link-stability","script","8122"
"8123","denn-v54-size-render-lock-css","style","8132"
"8133","denn-v54-size-render-lock","script","8263"
"8264","denn-v55-three-issue-stabilize-css","style","8270"
"8271","denn-v55-three-issue-stabilize","script","8428"
"8429","denn-v56-canonical-save-detail-css","style","8439"
"8440","denn-v56-canonical-save-detail","script","8664"
"8665","denn-v59-builder-capture-union","script","8745"
"8746","denn-v61-frame-template-save-authority","script","8946"
"8947","denn-v66-frame-thumb-fit-css","style","8967"
"8968","denn-v67-size-status-labels","script","8984"
"8985","denn-v68-size-status-stabilizer-css","style","8989"
"8990","denn-v68-size-status-stabilizer","script","9050"
"9051","denn-v69-initial-size-toggle-sync","script","9151"
"9152","denn-v70-hide-builtin-frame-templates-css","style","9154"
"9155","denn-v70-hide-builtin-frame-templates","script","9238"
"9239","denn-v71-frame-builder-preview-stability-css","style","9251"
"9252","denn-v71-frame-builder-preview-stability","script","9390"
"9391","denn-v72-frame-builder-entry-flicker-guard-css","style","9401"
"9402","denn-v72-frame-builder-entry-flicker-guard","script","9455"
"9456","denn-v73-frame-builder-legacy-timer-guard-css","style","9468"
"9469","denn-v73-frame-builder-legacy-timer-guard","script","9534"
"9535","denn-v74-frame-builder-visible-panel-stabilizer-css","style","9553"
"9554","denn-v74-frame-builder-visible-panel-stabilizer","script","9631"
"9632","denn-v75d-frame-builder-repeat-click-guard","script","9666"
"9667","denn-v76-ui-settings-save-authority","script","9793"
"9794","denn-v77-ui-room-default-size-retire-css","style","9803"
"9804","denn-v77-ui-room-default-size-retire","script","9857"
"9858","denn-v78-ui-frame-preview-scale-retire-css","style","9865"
"9866","denn-v78-ui-frame-preview-scale-retire","script","9924"
"9925","denn-v79-room-common-default-admin-css","style","9962"
"9963","denn-v79-room-common-default-admin","script","10068"
"10069","denn-v79b-room-common-default-card-visible","script","10134"
"10135","denn-v79c-room-common-default-savebar-entry","script","10159"
"10160","denn-v79d-common-default-open-authority","script","10186"
"10187","denn-v80-frame-builder-clock-preset-and-render-guard-css","style","10250"
"10251","denn-v80-frame-builder-clock-preset-and-render-guard","script","10472"
"10473","denn-v81-frame-builder-open-safe-mode","script","10502"
"10503","denn-v82-frame-builder-clock-toggle-authority","script","10581"
"10582","denn-v83-hide-risky-ui-scale-controls-css","style","10598"
"10599","denn-v83-hide-risky-ui-scale-controls","script","10659"
"10660","denn-v84-white-border-flicker-lock-css","style","10692"
"10693","denn-v84-white-border-flicker-lock","script","10793"
"10794","denn-v85-frame-template-card-layout-lock-css","style","10882"
"10883","denn-v85-frame-template-card-layout-lock","script","11013"
"11014","denn-v86-builder-white-immediate-authority-css","style","11029"
"11030","denn-v86-builder-white-immediate-authority","script","11114"
"11115","denn-v87-name2-textbox-toggle-css","style","11123"
"11124","denn-v88-ze-zoom-scroll-fix-css","style","11139"
"11140","denn-v87-name2-textbox-toggle","script","11288"
"11289","denn-v89-ze-scroll-render-stability-css","style","11306"
"11307","denn-v89-ze-scroll-render-stability","script","11399"
"11400","denn-v91-white-label-final-lock","script","11460"
"11461","denn-v93-frame-template-bulk-category-css","style","11550"
"11551","denn-v93-frame-template-bulk-category","script","11712"
"11713","denn-v94-frame-template-edit-mode-css","style","11766"
"11767","denn-v94-frame-template-edit-mode","script","12119"
"12120","denn-v95-frame-template-list-ui-stabilize-css","style","12188"
"12189","denn-v95-frame-template-list-ui-stabilize","script","12281"
"12282","denn-v35-stabilized-save-authority","script","12311"
"12312","denn-v36-order-admin-css","style","12314"
"12315","denn-v36-order-admin-js","script","12319"
"12320","denn-v36-admin-korean-label-fix","script","12337"
"12338","denn-v36-admin-order-labels-stable","script","12402"
"12403","denn-v36-order-admin-bulk-css","style","12415"
"12416","denn-v36-order-admin-bulk","script","12559"
"12560","denn-v96-detail-template-image-underlay","script","12626"
"12627","denn-v36-3-dynamic-frame-text-fields-admin-css","style","12638"
"12639","denn-v36-3-dynamic-frame-text-fields-admin","script","12899"
"12900","denn-v36-3-frame-template-parity-admin","script","13011"
"13012","denn-v36-4-frame-template-tools-css","style","13043"
"13044","denn-v36-4-frame-template-tools","script","13335"
"13336","denn-v36-5-admin-render-stability","script","13481"
"13482","denn-v36-5-order-actions-singleflight-admin","script","13585"
"13586","denn-current-admin-stability-css","style","13598"
"13599","denn-current-admin-stability-sweep","script","13671"
"13672","denn-current-detail-preview-stability-css","style","13680"
"13681","denn-current-detail-preview-stability","script","13788"
